pezzo;X_mm;Y_mm;foro_nel_pezzo_mm;preforo_nel_legno_mm
C07_collettore;40.0;161.5;4.2;2.5
C07_collettore;110.0;161.5;4.2;2.5
C08_pettine_valvole;7.5;191.2;3.8;2.5
C08_pettine_valvole;39.5;191.2;3.8;2.5
C08_pettine_valvole;74.5;191.2;3.8;2.5
C08_pettine_valvole;109.5;191.2;3.8;2.5
C08_pettine_valvole;144.5;191.2;3.8;2.5
C08_pettine_valvole;176.5;191.2;3.8;2.5
C09_staffa_scarichi;415.0;188.0;4.2;2.5
C09_staffa_scarichi;415.0;209.5;4.2;2.5
C10_carter_riscaldatori;412.3;230.0;4.2;2.5
C10_carter_riscaldatori;412.3;308.0;4.2;2.5
D02_fianco_cavalletto_SX;211.0;42.0;4.2;2.5
D02_fianco_cavalletto_SX;211.0;112.0;4.2;2.5
D02_fianco_cavalletto_SX;211.0;187.0;4.2;2.5
D03_fianco_cavalletto_DX;391.0;42.0;4.2;2.5
D03_fianco_cavalletto_DX;391.0;112.0;4.2;2.5
D03_fianco_cavalletto_DX;391.0;187.0;4.2;2.5
D06_fianco_elettronica_SX;9.0;20.0;4.2;2.5
D06_fianco_elettronica_SX;9.0;62.0;4.2;2.5
D06_fianco_elettronica_SX;9.0;104.0;4.2;2.5
D07_fianco_elettronica_DX;187.0;20.0;4.2;2.5
D07_fianco_elettronica_DX;187.0;62.0;4.2;2.5
D07_fianco_elettronica_DX;187.0;104.0;4.2;2.5
D13_colonnina_bassa_1;33.0;12.0;3.8;2.5
D13_colonnina_bassa_2;163.0;12.0;3.8;2.5
D13_colonnina_bassa_3;33.0;62.0;3.8;2.5
D13_colonnina_bassa_4;163.0;62.0;3.8;2.5
D16_zoccolo_alimentatore;53.5;86.0;4.2;2.5
D16_zoccolo_alimentatore;53.5;106.0;4.2;2.5
D16_zoccolo_alimentatore;76.0;62.5;4.2;2.5
D16_zoccolo_alimentatore;126.0;62.5;4.2;2.5
